Date,Open,High,Low,Close,Adj Close,Volume
12/10/2018,7.03,7.12,6.74,7.03,7.03,9981000
12/11/2018,7.08,7.2,6.92,7.08,7.08,8095700
12/12/2018,7.2,7.55,7.12,7.54,7.54,16007500
12/13/2018,7.55,7.9,7.26,7.75,7.75,14980900
12/14/2018,7.53,7.89,7.4,7.7,7.7,10773600
12/17/2018,7.63,7.64,6.96,7.03,7.03,18132800
12/18/2018,7.03,7.19,6.84,7.07,7.07,10685800
12/19/2018,7.01,7.15,6.8,6.83,6.83,9299700
12/20/2018,6.82,6.92,6.33,6.52,6.52,12080000
12/21/2018,6.53,6.65,6.06,6.07,6.07,13598300
12/24/2018,6,6.12,5.84,5.92,5.92,8835800
12/26/2018,6.11,6.37,5.96,6.36,6.36,9912300
12/27/2018,6.17,6.45,6.03,6.43,6.43,8531900
12/28/2018,6.5,6.56,6.3,6.47,6.47,7996500
12/31/2018,6.56,6.57,6.21,6.37,6.37,8667400
1/2/2019,6.13,6.24,6,6.2,6.2,8823600
1/3/2019,6.1,6.15,6.02,6.05,6.05,7562900
1/4/2019,6.19,6.4,6.13,6.36,6.36,9405600
1/7/2019,6.41,6.59,6.31,6.5,6.5,9709000
1/8/2019,6.57,6.58,6.17,6.4,6.4,9603800
1/9/2019,6.41,6.69,6.35,6.63,6.63,11489900
1/10/2019,6.63,6.73,6.41,6.66,6.66,11221100
1/11/2019,6.5,6.62,6.48,6.59,6.59,6902300
1/14/2019,6.51,7.15,6.37,6.8,6.8,19454100
1/15/2019,6.85,7.07,6.75,6.82,6.82,12633000
1/16/2019,6.8,6.9,6.68,6.71,6.71,6941200
1/17/2019,6.7,6.88,6.53,6.81,6.81,8508900
1/18/2019,6.89,6.91,6.68,6.71,6.71,9240900
1/22/2019,6.63,6.67,6.51,6.57,6.57,6379600
1/23/2019,6.63,6.79,6.47,6.55,6.55,5686000
1/24/2019,6.47,6.75,6.47,6.58,6.58,5920000
1/25/2019,6.65,6.78,6.6,6.65,6.65,6723600
1/28/2019,6.56,6.68,6.48,6.67,6.67,5111000
1/29/2019,6.68,6.97,6.64,6.94,6.94,14200100
1/30/2019,6.94,7.55,6.92,7.46,7.46,28775000
1/31/2019,7.4,7.89,7.4,7.88,7.88,21233900
2/1/2019,7.85,8.11,7.68,7.9,7.9,20788800
2/4/2019,7.96,7.98,7.74,7.85,7.85,8585300
2/5/2019,7.71,7.96,7.61,7.88,7.88,9029900
2/6/2019,7.95,8.59,7.83,8.4,8.4,33404700
2/7/2019,8.28,8.37,7.8,8.04,8.04,23198200
2/8/2019,8,8,7.28,7.67,7.67,21709300
2/11/2019,7.67,7.77,7.38,7.46,7.46,9750700
2/12/2019,7.35,7.57,7.14,7.44,7.44,13264100
2/13/2019,7.52,7.68,7.39,7.49,7.49,10867800
2/14/2019,7.7,7.78,7.42,7.48,7.48,14728300
2/15/2019,7.55,7.64,7.26,7.41,7.41,15620200
2/19/2019,7.4,7.43,7.21,7.26,7.26,9974700
2/20/2019,7.26,7.77,7.26,7.62,7.62,21495700
2/21/2019,7.7,7.73,7.43,7.64,7.64,8060100
2/22/2019,7.92,8.22,7.75,8.17,8.17,26600400
2/25/2019,9.04,9.09,8.6,9,9,52424200
2/26/2019,9.16,10.64,8.82,9.79,9.79,106022600
2/27/2019,10.15,10.25,9.33,9.85,9.85,53234300
2/28/2019,9.85,9.93,9.46,9.57,9.57,26506000
3/1/2019,9.82,10.2,9.73,10.06,10.06,32409400
3/4/2019,10.32,10.37,9.15,9.78,9.78,43753300
3/5/2019,9.8,10.63,9.7,10.16,10.16,53680800
3/6/2019,8.26,8.72,8,8.01,8.01,73522700
3/7/2019,7.81,7.95,7,7.09,7.09,52469600
3/8/2019,7.02,7.2,6.85,7.06,7.06,32040600
3/11/2019,6.95,6.98,6.55,6.59,6.59,62544500
3/12/2019,6.62,6.64,6.37,6.39,6.39,41616000
3/13/2019,6.32,6.77,6.24,6.53,6.53,41727200
3/14/2019,6.63,6.64,6,6.03,6.03,58983400
3/15/2019,6.12,6.13,5.71,5.71,5.71,85777000
3/18/2019,5.69,5.95,5.44,5.75,5.75,76506100
3/19/2019,5.75,6.03,5.73,5.96,5.96,54509200
3/20/2019,6.02,6.03,5.71,5.85,5.85,39053700
3/21/2019,5.75,5.95,5.74,5.84,5.84,21368900
3/22/2019,5.8,5.87,5.6,5.62,5.62,24956500
3/25/2019,5.62,5.66,5.27,5.35,5.35,38993300
3/26/2019,5.2,5.22,4.9,4.96,4.96,67206300
3/27/2019,5.01,5.19,4.96,4.98,4.98,39753400
3/28/2019,5.04,5.17,4.93,5.01,5.01,29281400
3/29/2019,5.06,5.13,5.03,5.1,5.1,23595900
4/1/2019,5.29,5.4,5.14,5.21,5.21,32404600
4/2/2019,5.43,5.61,5.35,5.39,5.39,55814800
4/3/2019,5.55,5.58,5.23,5.31,5.31,35197400
4/4/2019,5.39,5.5,5.27,5.35,5.35,31696600
4/5/2019,5.37,5.4,5.31,5.36,5.36,18093400
4/8/2019,5.33,5.38,5.25,5.3,5.3,17349800
4/9/2019,5.28,5.28,5.06,5.08,5.08,32590100
4/10/2019,5.06,5.11,4.96,5.05,5.05,25958700
4/11/2019,5,5.09,4.97,5.01,5.01,17642600
4/12/2019,5.03,5.06,4.95,4.99,4.99,15561300
4/15/2019,4.99,5,4.72,4.75,4.75,27489100
4/16/2019,4.8,4.81,4.43,4.45,4.45,46354500
4/17/2019,4.61,4.72,4.51,4.59,4.59,30546400
4/18/2019,4.53,4.92,4.44,4.79,4.79,31206500
4/22/2019,4.74,4.81,4.62,4.78,4.78,12936700
4/23/2019,4.82,4.92,4.73,4.83,4.83,15107000
4/24/2019,4.79,5.01,4.75,5,5,20401300
4/25/2019,5.01,5.15,4.85,4.9,4.9,21552800
4/26/2019,4.85,4.93,4.77,4.92,4.92,11891300
4/29/2019,4.89,5.05,4.87,4.98,4.98,15202800
4/30/2019,4.98,5.08,4.8,4.85,4.85,14434600
5/1/2019,4.84,4.85,4.68,4.68,4.68,13308300
5/2/2019,4.74,4.75,4.57,4.72,4.72,14080400
5/3/2019,4.73,5.11,4.73,5.02,5.02,25245500
5/6/2019,4.72,4.88,4.69,4.88,4.88,16144400
5/7/2019,4.81,4.92,4.76,4.84,4.84,11545700
5/8/2019,4.79,4.81,4.56,4.57,4.57,20456900
5/9/2019,4.54,4.7,4.51,4.6,4.6,15759700
5/10/2019,4.6,4.66,4.51,4.56,4.56,17146500
5/13/2019,4.5,4.5,4.3,4.33,4.33,21804500
5/14/2019,4.47,4.67,4.41,4.67,4.67,27925700
5/15/2019,4.59,4.75,4.53,4.71,4.71,14669000
5/16/2019,4.65,4.85,4.61,4.66,4.66,16198000
5/17/2019,4.58,4.7,4.42,4.42,4.42,19775700
5/20/2019,4.38,4.4,4.11,4.25,4.25,23571700
5/21/2019,4.35,4.45,4.25,4.29,4.29,23435300
5/22/2019,4.25,4.3,4,4.05,4.05,35451300
5/23/2019,3.96,4.03,3.83,3.93,3.93,27855500
5/24/2019,3.98,4.05,3.81,3.86,3.86,26069400
5/28/2019,4.12,4.14,3.88,4,4,114474400
5/29/2019,3.89,3.9,3.6,3.61,3.61,41690400
5/30/2019,3.55,3.55,3.11,3.24,3.24,55942200
5/31/2019,3.07,3.15,3,3.05,3.05,39383300
6/3/2019,2.98,3.06,2.74,2.96,2.96,51793000
6/4/2019,3,3.11,2.97,3.04,3.04,30924000
6/5/2019,3.07,3.09,2.76,2.83,2.83,38179100
6/6/2019,2.9,2.9,2.54,2.65,2.65,54094300
6/7/2019,2.64,2.81,2.55,2.76,2.76,31397900
6/10/2019,2.75,2.82,2.59,2.63,2.63,35989100
6/11/2019,2.67,2.67,2.55,2.61,2.61,33070100
6/12/2019,2.62,2.62,2.5,2.55,2.55,30099500
6/13/2019,2.55,2.62,2.5,2.52,2.52,21962600
6/14/2019,2.44,2.45,2.35,2.42,2.42,27065700
6/17/2019,2.39,2.53,2.35,2.46,2.46,20830100
6/18/2019,2.52,2.71,2.45,2.53,2.53,50080800
6/19/2019,2.67,2.84,2.56,2.74,2.74,43761900
6/20/2019,2.87,3.05,2.8,2.83,2.83,55697200
6/21/2019,2.88,2.9,2.57,2.64,2.64,49602400
6/24/2019,2.61,2.69,2.51,2.64,2.64,22693900
6/25/2019,2.64,2.66,2.55,2.6,2.6,16273100
6/26/2019,2.64,2.73,2.54,2.55,2.55,20679300
6/27/2019,2.51,2.62,2.44,2.6,2.6,27685600
6/28/2019,2.6,2.63,2.51,2.55,2.55,17640300
7/1/2019,2.67,2.68,2.58,2.6,2.6,19462800
7/2/2019,2.6,2.85,2.57,2.82,2.82,35317300
7/3/2019,2.93,3.29,2.9,3.13,3.13,75342400
7/5/2019,3.31,3.34,3.15,3.26,3.26,35914600
7/8/2019,3.21,3.5,3.13,3.49,3.49,40424000
7/9/2019,3.58,3.9,3.42,3.69,3.69,87406100
7/10/2019,3.95,4,3.6,3.68,3.68,85126100
7/11/2019,3.64,3.68,3.32,3.42,3.42,57070300
7/12/2019,3.34,3.64,3.32,3.45,3.45,39432200
7/15/2019,3.49,3.52,3.34,3.39,3.39,19833100
7/16/2019,3.4,3.45,3.26,3.3,3.3,25764600
7/17/2019,3.28,3.52,3.25,3.44,3.44,26705000
7/18/2019,3.47,3.5,3.31,3.43,3.43,17544400
7/19/2019,3.43,3.48,3.36,3.37,3.37,13784300
7/22/2019,3.38,3.45,3.31,3.38,3.38,12376900
7/23/2019,3.43,3.49,3.37,3.46,3.46,12462000
7/24/2019,3.45,3.75,3.44,3.67,3.67,38844800
7/25/2019,3.68,3.72,3.5,3.5,3.5,26513300
7/26/2019,3.56,3.62,3.5,3.51,3.51,15606300
7/29/2019,3.55,3.58,3.32,3.46,3.46,25890700
7/30/2019,3.43,3.44,3.35,3.38,3.38,14127900
7/31/2019,3.38,3.53,3.36,3.47,3.47,19917200
8/1/2019,3.45,3.51,3.2,3.28,3.28,28758400
8/2/2019,3.21,3.33,3.16,3.27,3.27,17211300
8/5/2019,3.14,3.14,2.85,2.95,2.95,38736200
8/6/2019,3.09,3.14,3,3.08,3.08,23455700
8/7/2019,3.04,3.09,2.93,3.09,3.09,18090400
8/8/2019,3.13,3.26,3.11,3.17,3.17,20999800
8/9/2019,3.1,3.18,3.1,3.13,3.13,10610000
8/12/2019,3.05,3.11,2.96,3.05,3.05,13991200
8/13/2019,3,3.2,3,3.15,3.15,18541900
8/14/2019,3.08,3.08,2.88,2.9,2.9,28205900
8/15/2019,2.99,2.99,2.77,2.82,2.82,15736000
8/16/2019,2.89,3.01,2.86,2.95,2.95,15884200
8/19/2019,3,3.1,3,3,3,13657100
8/20/2019,3.06,3.21,3,3.16,3.16,16688200
8/21/2019,3.23,3.27,3.02,3.05,3.05,21513600
8/22/2019,3.06,3.09,3.01,3.02,3.02,12404300
8/23/2019,2.97,3.04,2.89,2.92,2.92,13584500
8/26/2019,2.95,2.95,2.83,2.9,2.9,14119000
8/27/2019,2.92,3,2.83,2.91,2.91,20392000
8/28/2019,2.9,2.92,2.83,2.84,2.84,10478000
8/29/2019,2.91,2.93,2.85,2.85,2.85,12325800
8/30/2019,2.9,2.91,2.84,2.86,2.86,8155400
9/3/2019,2.82,2.83,2.58,2.6,2.6,26854400
9/4/2019,2.7,2.75,2.64,2.75,2.75,15177900
9/5/2019,2.81,3,2.8,2.95,2.95,23244700
9/6/2019,2.99,3,2.87,2.98,2.98,14509300
9/9/2019,3,3.14,2.93,3.14,3.14,17386300
9/10/2019,3.13,3.33,3.07,3.32,3.32,20848800
9/11/2019,3.28,3.33,3.16,3.27,3.27,13619900
9/12/2019,3.24,3.27,3.1,3.19,3.19,10957800
9/13/2019,3.22,3.27,3.15,3.21,3.21,8371700
9/16/2019,3.15,3.21,3.09,3.12,3.12,12374900
9/17/2019,3.11,3.18,3,3.18,3.18,12905800
9/18/2019,3.21,3.21,3.03,3.08,3.08,12519200
9/19/2019,3.12,3.16,3.08,3.1,3.1,8733200
9/20/2019,3.14,3.16,3.02,3.04,3.04,11999300
9/23/2019,2.98,2.98,2.71,2.72,2.72,40356100
9/24/2019,2.22,2.24,1.97,2.17,2.17,122194400
9/25/2019,2.15,2.15,2.02,2.05,2.05,38938700
9/26/2019,2.05,2.06,1.9,1.96,1.96,50967800
9/27/2019,1.94,2,1.71,1.75,1.75,59824600
9/30/2019,1.72,1.73,1.53,1.56,1.56,58815600
10/1/2019,1.51,1.51,1.22,1.32,1.32,88123600
10/2/2019,1.19,1.65,1.19,1.59,1.59,98992700
10/3/2019,1.59,1.7,1.43,1.64,1.64,58630100
10/4/2019,1.6,1.69,1.56,1.62,1.62,25240300
10/7/2019,1.58,1.59,1.45,1.55,1.55,26893500
10/8/2019,1.73,1.8,1.66,1.7,1.7,47085000
10/9/2019,1.75,1.76,1.58,1.64,1.64,35848200
10/10/2019,1.64,1.64,1.5,1.53,1.53,33950800
10/11/2019,1.55,1.59,1.5,1.56,1.56,25648800
10/14/2019,1.56,1.57,1.52,1.53,1.53,12534600
10/15/2019,1.63,1.64,1.54,1.55,1.55,25901200
10/16/2019,1.46,1.52,1.4,1.46,1.46,40687000
10/17/2019,1.46,1.5,1.42,1.46,1.46,18373300
10/18/2019,1.45,1.55,1.44,1.52,1.52,21393400
10/21/2019,1.52,1.77,1.49,1.69,1.69,40155200
10/22/2019,1.7,1.77,1.52,1.58,1.58,38944000
10/23/2019,1.58,1.6,1.52,1.53,1.53,12246400
10/24/2019,1.57,1.6,1.53,1.54,1.54,21567700
10/25/2019,1.54,1.56,1.5,1.51,1.51,20444900
10/28/2019,1.43,1.5,1.38,1.48,1.48,32675500
10/29/2019,1.45,1.45,1.39,1.39,1.39,22312000
10/30/2019,1.42,1.45,1.36,1.43,1.43,20769100
10/31/2019,1.47,1.54,1.44,1.45,1.45,22381000
11/1/2019,1.49,1.55,1.49,1.52,1.52,17957200
11/4/2019,1.65,1.9,1.58,1.71,1.71,61083000
11/5/2019,1.88,2.38,1.8,2.34,2.34,183556700
11/6/2019,2.46,2.46,1.96,2.03,2.03,113933700
11/7/2019,2.11,2.2,2.05,2.07,2.07,39411800
11/8/2019,2.13,2.13,1.94,1.98,1.98,38341600
11/11/2019,1.9,1.96,1.78,1.86,1.86,34228400
11/12/2019,1.9,2.05,1.83,1.94,1.94,27818000
11/13/2019,1.9,1.99,1.85,1.9,1.9,24969400
11/14/2019,1.86,1.89,1.66,1.75,1.75,46683200
11/15/2019,1.75,1.84,1.66,1.8,1.8,32003800
11/18/2019,1.88,1.9,1.73,1.8,1.8,25996000
11/19/2019,1.78,1.89,1.78,1.83,1.83,26780800
11/20/2019,1.85,1.87,1.77,1.84,1.84,20728500
11/21/2019,1.87,2.04,1.82,1.98,1.98,41394200
11/22/2019,2.04,2.05,1.88,1.94,1.94,25152300
11/25/2019,1.99,2.12,1.96,2.05,2.05,36836400
11/26/2019,2.12,2.29,2.12,2.28,2.28,55122700
11/27/2019,2.32,2.5,2.28,2.46,2.46,77368600
11/29/2019,2.36,2.36,2.2,2.27,2.27,32640300
12/2/2019,2.35,2.44,2.3,2.44,2.44,32677500
12/3/2019,2.31,2.48,2.25,2.4,2.4,37865200
12/4/2019,2.42,2.58,2.41,2.42,2.42,46792900
12/5/2019,2.53,2.57,2.25,2.27,2.27,53235200
12/6/2019,2.32,2.34,2.2,2.26,2.26,31931900
12/9/2019,2.21,2.25,2.11,2.22,2.22,31542900
12/10/2019,2.2,2.28,2.14,2.27,2.27,25220200
12/11/2019,2.26,2.32,2.23,2.26,2.26,20342900
12/12/2019,2.3,2.33,2.26,2.27,2.27,22457900
12/13/2019,2.31,2.43,2.29,2.39,2.39,37228900
12/16/2019,2.44,2.55,2.39,2.48,2.48,36916800
12/17/2019,2.54,2.63,2.5,2.59,2.59,45654500
12/18/2019,2.58,2.67,2.54,2.63,2.63,31811100
12/19/2019,2.69,2.73,2.61,2.62,2.62,36301300
12/20/2019,2.65,2.72,2.63,2.69,2.69,50971500
12/23/2019,2.74,2.76,2.65,2.67,2.67,28571900
12/24/2019,2.63,2.63,2.45,2.53,2.53,32029800
12/26/2019,2.45,2.52,2.35,2.51,2.51,44173700
12/27/2019,2.54,2.55,2.41,2.42,2.42,37553300
12/30/2019,2.92,4.87,2.88,3.72,3.72,432720700
12/31/2019,4.15,4.42,3.82,4.02,4.02,215008600
1/2/2020,4.1,4.1,3.61,3.72,3.72,103740100
1/3/2020,3.5,3.9,3.48,3.83,3.83,82892400
1/6/2020,4.19,4.24,3.66,3.68,3.68,106619700
1/7/2020,3.7,3.73,3.21,3.24,3.24,106336400
1/8/2020,3.14,3.49,3.13,3.39,3.39,65118100
1/9/2020,3.44,3.58,3.33,3.46,3.46,54644200
1/10/2020,3.49,3.58,3.4,3.51,3.51,35626700
1/13/2020,3.71,3.73,3.52,3.7,3.7,59752700
1/14/2020,3.7,3.82,3.61,3.76,3.76,55194000
1/15/2020,4.19,4.48,4,4.29,4.29,236357900
1/16/2020,3.99,4.4,3.91,4.37,4.37,97941700
1/17/2020,4.51,4.71,4.46,4.67,4.67,109601300
1/21/2020,4.6,5.29,4.52,5.17,5.17,181423600
1/22/2020,5.42,5.65,4.69,4.79,4.79,207132700
1/23/2020,4.57,4.95,4.31,4.92,4.92,102535300
1/24/2020,5,5.06,4.51,4.66,4.66,65538000
1/27/2020,3.99,4.35,3.84,4.01,4.01,102028700
1/28/2020,4.25,4.27,4.03,4.21,4.21,48979100
1/29/2020,4.23,4.33,4.02,4.27,4.27,53844300
1/30/2020,4.24,4.38,4.01,4.08,4.08,75009800
1/31/2020,4.02,4.04,3.67,3.78,3.78,77923200
2/3/2020,3.54,4.11,3.52,4.06,4.06,73783600
2/4/2020,4.29,4.7,4.16,4.51,4.51,123640400
2/5/2020,4.37,4.48,4.13,4.39,4.39,73632500
2/6/2020,4.2,4.33,4.05,4.08,4.08,75641200
2/7/2020,4.02,4.02,3.74,3.81,3.81,80780700
2/10/2020,3.67,3.91,3.62,3.87,3.87,67157700
2/11/2020,3.83,4.05,3.8,3.96,3.96,54097100
2/12/2020,4,4.2,3.98,4.07,4.07,50975300
2/13/2020,3.95,4.05,3.86,4.03,4.03,42411200
2/14/2020,4.02,4.04,3.75,3.77,3.77,69655600
2/18/2020,3.9,3.98,3.76,3.8,3.8,47700900
2/19/2020,3.93,4.1,3.86,4.08,4.08,73256300
2/20/2020,4.1,4.4,4.01,4.26,4.26,86873500
2/21/2020,4.2,4.2,4.02,4.08,4.08,40425900
2/24/2020,3.79,3.94,3.76,3.88,3.88,56247100
2/25/2020,5.18,5.19,4.24,4.4,4.4,206259400
2/26/2020,4.5,4.71,4.3,4.34,4.34,69558500
2/27/2020,4.09,4.3,3.92,4.14,4.14,77846700
2/28/2020,3.96,4.14,3.87,4.13,4.13,63635600
3/2/2020,4.15,4.19,3.9,4.11,4.11,56063200
3/3/2020,4.08,4.21,3.95,4.06,4.06,47644500
3/4/2020,4.03,4.07,3.77,3.87,3.87,49465800
3/5/2020,3.78,3.89,3.68,3.72,3.72,72697800
3/6/2020,3.62,3.66,3.42,3.55,3.55,61238100
3/9/2020,3.01,3.54,2.99,3.29,3.29,55305300
3/10/2020,3.49,3.54,3.29,3.5,3.5,34928400
3/11/2020,3.4,3.53,3.26,3.32,3.32,31099400
3/12/2020,3.06,3.23,2.98,3.13,3.13,52438300
3/13/2020,3.28,3.33,2.99,3.11,3.11,41770400
3/16/2020,2.87,3.11,2.75,2.94,2.94,41266200
3/17/2020,2.97,3.12,2.79,2.9,2.9,34862200
3/18/2020,2.4,2.58,2.11,2.43,2.43,94431900
3/19/2020,2.3,2.55,2.23,2.38,2.38,35499000
3/20/2020,2.49,2.64,2.35,2.4,2.4,50528400
3/23/2020,2.34,2.37,2.15,2.37,2.37,47435200
3/24/2020,2.55,2.75,2.4,2.6,2.6,64750100
3/25/2020,2.72,2.99,2.6,2.76,2.76,56588300
3/26/2020,2.81,3.07,2.78,2.93,2.93,43579400
3/27/2020,2.85,2.89,2.76,2.84,2.84,25132000
3/30/2020,2.81,2.83,2.7,2.71,2.71,20115300
3/31/2020,2.83,2.88,2.68,2.78,2.78,30261400
4/1/2020,2.63,2.76,2.6,2.65,2.65,17153800
4/2/2020,2.51,2.59,2.22,2.39,2.39,58942700
4/3/2020,2.45,2.49,2.33,2.4,2.4,19519500
4/6/2020,2.48,2.55,2.4,2.47,2.47,34866700
4/7/2020,2.81,2.81,2.65,2.7,2.7,46149600
4/8/2020,2.76,2.8,2.71,2.74,2.74,18312900
4/9/2020,2.82,2.82,2.63,2.67,2.67,32810000
4/13/2020,2.67,2.97,2.63,2.97,2.97,38421700
4/14/2020,3.15,3.16,2.92,3.01,3.01,36479000
4/15/2020,2.95,3.2,2.88,3.2,3.2,27529800
4/16/2020,3.3,3.41,3.2,3.25,3.25,37801700
4/17/2020,3.36,3.36,3.15,3.21,3.21,22831800
4/20/2020,3.18,3.35,3.05,3.19,3.19,18691700
4/21/2020,3.1,3.22,3.01,3.02,3.02,19789700
4/22/2020,3.09,3.15,3.05,3.09,3.09,14494000
4/23/2020,3.2,3.2,3.05,3.06,3.06,17434200
4/24/2020,3.08,3.1,2.91,2.94,2.94,22069700
4/27/2020,3,3.26,2.95,3.24,3.24,35641100
4/28/2020,3.4,3.45,3.2,3.34,3.34,36326800
4/29/2020,3.83,3.98,3.59,3.61,3.61,89238800
4/30/2020,3.63,3.72,3.37,3.41,3.41,44540400
5/1/2020,3.3,3.33,3.12,3.18,3.18,31268900
5/4/2020,3.08,3.36,3.08,3.34,3.34,23387500
5/5/2020,3.44,3.48,3.28,3.28,3.28,22315800
5/6/2020,3.59,3.65,3.45,3.62,3.62,54347800
5/7/2020,3.63,3.67,3.52,3.63,3.63,26736700
5/8/2020,3.68,3.8,3.6,3.77,3.77,27638000
5/11/2020,3.72,3.77,3.66,3.74,3.74,16585600
5/12/2020,3.74,3.78,3.61,3.62,3.62,21943800
5/13/2020,3.64,3.68,3.32,3.44,3.44,34034700
5/14/2020,3.33,3.52,3.27,3.45,3.45,20936400
5/15/2020,3.37,3.45,3.36,3.37,3.37,13699000
5/18/2020,3.5,3.69,3.5,3.61,3.61,27771300
5/19/2020,3.62,3.75,3.59,3.69,3.69,21707400
5/20/2020,3.76,3.82,3.4,3.48,3.48,52056900
5/21/2020,3.4,3.44,3.23,3.33,3.33,41628400
5/22/2020,3.33,3.34,3.18,3.27,3.27,22887300
5/26/2020,3.42,3.83,3.4,3.82,3.82,59847900
5/27/2020,4.01,4.2,3.9,4.17,4.17,70718900
5/28/2020,3.98,4.12,3.75,3.83,3.83,62756900
5/29/2020,3.82,4,3.73,3.98,3.98,50303000
6/1/2020,4,4.33,3.96,4.26,4.26,69222000
6/2/2020,4.36,4.73,4.35,4.7,4.7,82476600
6/3/2020,5,5.7,4.98,5.6,5.6,199210000
6/4/2020,6.01,6.2,5.61,5.97,5.97,173052600
6/5/2020,6.03,6.08,5.52,5.59,5.59,90811800
6/8/2020,5.81,6.08,5.68,5.97,5.97,85951600
6/9/2020,5.84,6.83,5.76,6.68,6.68,136907900
6/10/2020,6.72,6.95,6.16,6.3,6.3,100170700
6/11/2020,5.79,6.09,5.66,5.91,5.91,126509700
6/12/2020,6.2,6.32,5.92,6.1,6.1,59838800
6/15/2020,5.97,6.99,5.92,6.83,6.83,113694400
6/16/2020,7.43,7.44,6.53,6.99,6.99,130478600
6/17/2020,6.93,6.98,6.67,6.84,6.84,58927300
6/18/2020,6.8,7.36,6.78,7.18,7.18,78846400
6/19/2020,7.36,7.63,7.23,7.34,7.34,84604200
6/22/2020,7.86,7.9,7.38,7.43,7.43,112976000
6/23/2020,7.55,7.69,7.19,7.23,7.23,79863500
6/24/2020,6.93,7.08,6.5,6.86,6.86,103888600
6/25/2020,6.66,7.15,6.6,7.08,7.08,46660300
6/26/2020,7.03,7.18,6.8,6.9,6.9,33596800
6/29/2020,6.98,7.25,6.71,7.23,7.23,46070400
6/30/2020,7.21,7.75,7.12,7.72,7.72,84485500
7/1/2020,7.79,7.99,7.67,7.91,7.91,64842600
7/2/2020,9.05,9.4,8.7,9.38,9.38,221496700
7/6/2020,11.05,12.3,10.93,11.51,11.51,329223800
7/7/2020,11.26,13.77,10.7,13.22,13.22,444070500
7/8/2020,14.1,15.28,12,12.88,12.88,570911400
7/9/2020,13.5,14.63,13.07,14.57,14.57,316792000
7/10/2020,15.61,15.73,14.2,14.98,14.98,318851300
7/13/2020,15.26,16.440001,13.61,13.84,13.84,313460300
7/14/2020,13.25,14.13,12.42,14.09,14.09,196123200
7/15/2020,13.82,13.95,12.85,13.52,13.52,114603700
7/16/2020,12.46,13.16,12.45,12.94,12.94,134606300
7/17/2020,11.86,12.07,10.46,11.09,11.09,289518000
7/20/2020,11.42,12.84,11.38,12.82,12.82,155428100
7/21/2020,13.45,13.58,12.62,12.88,12.88,128036000
7/22/2020,12.38,12.83,11.81,12.38,12.38,112260500
7/23/2020,12.59,12.63,11.85,12.15,12.15,95206300
7/24/2020,11.38,11.9,10.91,11.82,11.82,93425300
7/27/2020,12.03,12.09,11.27,11.69,11.69,64068500
7/28/2020,11.48,12.64,11.38,12.27,12.27,90075800
7/29/2020,12.65,13,12.43,12.7,12.7,69552600
7/30/2020,12.62,12.95,12.07,12.2,12.2,64952900
7/31/2020,12.41,12.59,11.73,11.94,11.94,61620400
8/3/2020,12.53,13.67,12.46,13.6,13.6,122925300
8/4/2020,14.46,14.53,13.22,13.64,13.64,125731400
8/5/2020,13.41,14.08,13.37,13.92,13.92,60046000
8/6/2020,14.1,14.31,13.52,13.84,13.84,49787700
8/7/2020,13.54,13.73,13.2,13.42,13.42,57746000
8/10/2020,13.94,14.42,13.68,14.21,14.21,84267300
8/11/2020,15.3,15.45,12.94,12.99,12.99,181311500
8/12/2020,13.37,13.45,12.67,13.36,13.36,77260200
8/13/2020,13.45,13.64,13.17,13.36,13.36,50093500
8/14/2020,13.18,13.18,12.54,13.1,13.1,63250700
8/17/2020,13.07,14.05,13.06,14.05,14.05,78340500
8/18/2020,14.23,14.69,13.87,14.3,14.3,69962400
8/19/2020,14.29,14.41,13.85,14.06,14.06,41966800
8/20/2020,13.85,14.05,13.53,13.78,13.78,50072800
8/21/2020,13.64,14.58,13.62,14.12,14.12,70189900
8/24/2020,14.63,14.98,14.31,14.97,14.97,98697700
8/25/2020,15.08,17.870001,15.06,17.84,17.84,299047800
8/26/2020,19.01,20.969999,18.559999,20.440001,20.440001,364104600
8/27/2020,19.99,20.469999,18.76,19.879999,19.879999,199850300
8/28/2020,18.870001,19.440001,18.110001,18.5,18.5,154799800
8/31/2020,17.190001,19.83,16.82,19.030001,19.030001,226610900
9/1/2020,19.450001,20.379999,18.75,20.120001,20.120001,137226000
9/2/2020,20.92,21.049999,18.5,19.9,19.9,153460600
9/3/2020,19.09,19.84,18.35,18.700001,18.700001,128358400
9/4/2020,18.540001,19.18,15.61,17.98,17.98,163329800
9/8/2020,17.17,17.860001,16.51,17.030001,17.030001,89624600
9/9/2020,17.9,18.629999,17.700001,18.09,18.09,90988400
9/10/2020,18.49,18.719999,17.49,17.74,17.74,79679800
9/11/2020,18,18.1,17.450001,17.969999,17.969999,55373500
9/14/2020,18.18,18.780001,17.9,18.73,18.73,68234900
9/15/2020,19.1,20.25,18.879999,19.190001,19.190001,111630500
9/16/2020,19.27,19.540001,18.52,19.01,19.01,57671000
9/17/2020,18.26,19.33,18.08,19.299999,19.299999,55186600
9/18/2020,19.719999,19.879999,18.940001,19.41,19.41,54885500
9/21/2020,19.049999,19.27,17.66,18.809999,18.809999,75969500
9/22/2020,18.48,19.450001,18.370001,19.23,19.23,61061100
9/23/2020,19.219999,19.360001,17.799999,17.959999,17.959999,70568100
9/24/2020,17.32,18.389999,16.75,17.85,17.85,71069500
9/25/2020,18.02,18.620001,17.950001,18.32,18.32,44122100
9/28/2020,18.879999,19.16,18.43,18.809999,18.809999,42786200
9/29/2020,18.76,21.120001,18.709999,20.85,20.85,163159200
9/30/2020,21.719999,22.59,20.76,21.219999,21.219999,183530500
10/1/2020,21.68,21.959999,20.83,21.76,21.76,79117100
10/2/2020,20.83,22.200001,20.799999,21.18,21.18,92713600
10/5/2020,21.66,21.92,21.07,21.59,21.59,60860100
10/6/2020,21.709999,21.940001,20.6,20.67,20.67,73217100
10/7/2020,21.059999,21.77,20.790001,21.559999,21.559999,59354300
10/8/2020,22.049999,22.450001,21.290001,21.440001,21.440001,77719600
10/9/2020,21.620001,21.74,21.32,21.469999,21.469999,37329000
10/12/2020,21.879999,22.18,21.549999,21.85,21.85,45476800
10/13/2020,21.860001,21.969999,21.17,21.620001,21.620001,42581500
10/14/2020,23.98,26.959999,23.73,26.5,26.5,382663200
10/15/2020,27.200001,29.23,25.780001,28.07,28.07,385210600
10/16/2020,29.18,29.4,27.940001,28.48,28.48,186764700
10/19/2020,28.209999,28.559999,27.219999,27.629999,27.629999,115708700
10/20/2020,27.42,28.299999,27.049999,27.959999,27.959999,105233400
10/21/2020,27.9,28.43,27.389999,27.860001,27.860001,65357900
10/22/2020,28.15,28.280001,26.809999,27.379999,27.379999,72173300
10/23/2020,27.370001,27.42,26.48,27.16,27.16,51784000
10/26/2020,26.610001,27.35,25.459999,26.01,26.01,72610300
10/27/2020,26.209999,28.459999,26.030001,28.440001,28.440001,104257700
10/28/2020,27.92,28.1,26.51,27.51,27.51,89374900
10/29/2020,28.52,32.200001,28.32,31.99,31.99,214034700
10/30/2020,31.389999,31.59,30.030001,30.58,30.58,136607400
11/2/2020,33.950001,34.939999,31.68,33.32,33.32,265719900
11/3/2020,33.57,35.869999,32.779999,35.5,35.5,217608100
11/4/2020,37.439999,39.75,35.82,37.709999,37.709999,339385900
11/5/2020,38.779999,42.490002,38.25,42.349998,42.349998,302472600
11/6/2020,41.09,43.299999,40.049999,41.630001,41.630001,288784300
11/9/2020,41.650002,45.290001,40.380001,44.02,44.02,218733300
11/10/2020,44.5,45.200001,38.110001,41.549999,41.549999,237403600
11/11/2020,39.709999,43.23,38.639999,43.080002,43.080002,179581200
11/12/2020,44.48,49.349998,43.950001,48.299999,48.299999,345932900
11/13/2020,51.290001,54.200001,40.549999,44.560001,44.560001,577185100
11/16/2020,41.119999,45.849998,41.099998,45.580002,45.580002,306209100
11/17/2020,47.57,49.369999,44.959999,46.59,46.59,345578500
11/18/2020,45.75,46.720001,42.5,45.060001,45.060001,271678300
11/19/2020,45.360001,48.919998,44.68,48.450001,48.450001,233779100
11/20/2020,48.27,50.59,47.880001,49.25,49.25,209106300
11/23/2020,50.860001,55.700001,50.48,55.380001,55.380001,270203000
11/24/2020,56.990002,57.200001,51.5,53.509998,53.509998,243669700
11/25/2020,49.98,53.990002,49.25,53.689999,53.689999,204508500
11/27/2020,54.860001,55.549999,52.599998,54,54,105795100
11/30/2020,54.209999,54.389999,48.18,50.529999,50.529999,179765400
12/1/2020,52.02,52.099998,44.049999,45.360001,45.360001,246472300
12/2/2020,40.16,48,38.43,47.98,47.98,313028300
12/3/2020,47.900002,48.650002,45.209999,45.349998,45.349998,173424000
12/4/2020,44.66,45.16,41.650002,43.040001,43.040001,191969900
12/7/2020,42.5,46.32,42.41,45.110001,45.110001,165048500
12/8/2020,47.209999,48.299999,45.669998,46.560001,46.560001,115799600
12/9/2020,47.080002,47.200001,42.959999,44.009998,44.009998,121387900
12/10/2020,42.439999,45.669998,41.889999,45.220001,45.220001,107376800
12/11/2020,42.48,43.630001,41.259998,41.98,41.98,147076100
12/14/2020,39.939999,41.48,39.509998,40.98,40.98,171598200
12/15/2020,42.470001,43.84,41.27,43.5,43.5,132336900
12/16/2020,44.25,45.259998,43.330002,44.669998,44.669998,120109600
12/17/2020,45.169998,46.049999,43.900002,46,46,130003700
12/18/2020,45.889999,48,45.52,46.720001,46.720001,126251100
12/21/2020,45.630001,49.490002,45.02,48.950001,48.950001,132558100
12/22/2020,49.610001,49.84,46.529999,47.580002,47.580002,117118300
12/23/2020,47.48,48.360001,45.810001,47.009998,47.009998,81247900
12/24/2020,46.880001,47.130001,45.349998,45.77,45.77,60582500
12/28/2020,46.669998,46.849998,43.669998,44.060001,44.060001,105078000
12/29/2020,43.700001,46.279999,42.23,46.139999,46.139999,120689900
12/30/2020,46.5,48.380001,45.720001,48.380001,48.380001,116691700
12/31/2020,48.459999,50.5,47.77,48.740002,48.740002,129344300
1/4/2021,51.200001,54.450001,50.669998,53.490002,53.490002,213109700
1/5/2021,51.970001,53.75,50.400002,53.200001,53.200001,147474800
1/6/2021,54.02,55.279999,49.080002,50.5,50.5,176397700
1/7/2021,53.049999,54.610001,52.349998,54.279999,54.279999,119429200
1/8/2021,57.759998,59.310001,55.880001,58.919998,58.919998,218512800
1/11/2021,64.949997,66.989998,62.189999,62.700001,62.700001,279770300
1/12/2021,61.419998,64.129997,60.419998,62.040001,62.040001,184319300
1/13/2021,62.939999,64.410004,61.41,62.150002,62.150002,116059200
1/14/2021,62.630001,63.23,60.040001,60.869999,60.869999,99338400
1/15/2021,59.84,60.220001,55.669998,56.27,56.27,132247900
1/19/2021,58.209999,59.009998,56.41,58.439999,58.439999,99561100
1/20/2021,59.849998,60.09,56.189999,57.709999,57.709999,94983600
1/21/2021,57.02,58.580002,55.880001,58.34,58.34,73119500
1/22/2021,58.950001,62.169998,58.32,61.950001,61.950001,133918100
1/25/2021,64.050003,64.519997,58.349998,59.990002,59.990002,111986400
1/26/2021,60.040001,60.669998,58.639999,60.310001,60.310001,70393300
1/27/2021,57.950001,59.790001,56.599998,57.150002,57.150002,73078300
1/28/2021,56.759998,59.459999,55.150002,58.369999,58.369999,73955100
1/29/2021,59.029999,60.709999,56.439999,57,57,78678200
2/1/2021,59.07,59.119999,54.369999,56.990002,56.990002,79878700
2/2/2021,57.060001,57.540001,54.509998,55.77,55.77,66234100
2/3/2021,55.959999,58.720001,54.84,57.98,57.98,80122300
2/4/2021,58.790001,59.200001,57.110001,57.599998,57.599998,48667900
2/5/2021,57.740002,57.98,56.009998,56.669998,56.669998,43057500
2/8/2021,57.080002,59.52,56.18,59.07,59.07,64030100
2/9/2021,58.950001,63.099998,58.240002,62.84,62.84,97246500
2/10/2021,62.549999,64.599998,60.330002,61.259998,61.259998,90366700
2/11/2021,61.689999,63.060001,59.810001,60.27,60.27,55732800
2/12/2021,60.259998,61.049999,59.099998,59.849998,59.849998,40233100
2/16/2021,60.400002,62.139999,58.650002,59.23,59.23,55084100
2/17/2021,57.919998,58.029999,55.900002,57.32,57.32,64196800
2/18/2021,55.450001,56.380001,52.599998,54.43,54.43,62505700
2/19/2021,55.720001,56.040001,54.099998,55.040001,55.040001,43020700
2/22/2021,54.18,54.369999,50.400002,50.68,50.68,68831300
2/23/2021,45.619999,49.669998,41.66,49.110001,49.110001,142544300
2/24/2021,49.310001,52.07,47.75,51.860001,51.860001,82488600
2/25/2021,51.599998,51.849998,46.009998,46.810001,46.810001,95513800
2/26/2021,47,47.950001,44.619999,45.779999,45.779999,100315500
3/1/2021,48.549999,50.419998,47.630001,49.759998,49.759998,94238500
3/2/2021,46.110001,47.130001,42.66,43.290001,43.290001,161334000
3/3/2021,44.580002,45.080002,41.110001,41.529999,41.529999,107863400
3/4/2021,40.490002,42.43,37.59,39.279999,39.279999,205872700
3/5/2021,39.240002,39.869999,31.91,38.110001,38.110001,270803200
3/8/2021,36.970001,39.48,34.900002,35.209999,35.209999,143074800
3/9/2021,37.48,42.080002,36.52,41.349998,41.349998,176602600
3/10/2021,43.5,45.259998,40.25,41.32,41.32,190801800
3/11/2021,44.439999,46.16,42.799999,46.029999,46.029999,134788000
3/12/2021,43.509998,45.799999,42.759998,45.5,45.5,113460100
3/15/2021,45.549999,46.290001,44.380001,44.93,44.93,74013600
3/16/2021,45.040001,45.66,43.169998,43.68,43.68,84361400
3/17/2021,41.900002,45.02,41.330002,44.759998,44.759998,96150000
3/18/2021,43.299999,44.259998,41.450001,41.630001,41.630001,71159900
3/19/2021,41.439999,43.400002,40.439999,43.349998,43.349998,97657200
3/22/2021,44.07,44.560001,42.580002,42.939999,42.939999,72838500
3/23/2021,42.580002,43.110001,40.98,41.18,41.18,58542300
3/24/2021,41.200001,41.290001,36.580002,36.959999,36.959999,130695000
3/25/2021,35.240002,39.189999,35.119999,37.939999,37.939999,118082000
3/26/2021,35.650002,36.650002,34,36.130001,36.130001,163039700
3/29/2021,35.259998,36.84,34.5,35.509998,35.509998,83188200
3/30/2021,35.200001,37.959999,34.610001,37.549999,37.549999,106153500
3/31/2021,38.959999,39.25,37.450001,38.98,38.98,98298400
4/1/2021,41.560001,42.060001,39.25,39.66,39.66,116305500
4/5/2021,40.540001,40.650002,38.720001,39.310001,39.310001,71418400
4/6/2021,38.830002,40.389999,38.419998,40,40,67969400
4/7/2021,39.700001,39.849998,36.950001,37.27,37.27,80022800
4/8/2021,37.619999,39.18,37.470001,38.700001,38.700001,63692000
4/9/2021,38.349998,38.360001,37.009998,38.119999,38.119999,69272700
4/12/2021,37.959999,38,36.759998,37.139999,37.139999,53428100
4/13/2021,37.48,38.66,37.330002,38.48,38.48,62005700
4/14/2021,39.23,39.330002,36.790001,37.02,37.02,78454000
4/15/2021,37.02,37.060001,34.560001,35.66,35.66,100437400
4/16/2021,34.689999,36.540001,34.060001,36.09,36.09,84477400
4/19/2021,36.779999,37.540001,35.360001,36.779999,36.779999,92190700
4/20/2021,37.169998,37.82,35.939999,36.93,36.93,71208600
4/21/2021,36.529999,38.959999,36.16,38.900002,38.900002,77449200
4/22/2021,38.990002,40.450001,38.490002,39.57,39.57,115802700
4/23/2021,40.200001,41.200001,39.540001,41.080002,41.080002,70342400
4/26/2021,41.959999,43.220001,40.860001,42.619999,42.619999,88233500
4/27/2021,43.02,43.130001,41.02,41.209999,41.209999,69998800
4/28/2021,40.740002,41.950001,40.439999,41.189999,41.189999,57639600
4/29/2021,41.380001,41.490002,38.73,38.990002,38.990002,82660700
4/30/2021,37.73,41.220001,37.349998,39.84,39.84,116728700
5/3/2021,40.34,41.450001,39.310001,39.540001,39.540001,80089600
5/4/2021,38.990002,39.32,36.919998,37.93,37.93,78256800
5/5/2021,38.34,38.700001,37.34,37.709999,37.709999,56336200
5/6/2021,37.490002,38.040001,35.77,36.68,36.68,71656000
5/7/2021,37.169998,38.040001,36.619999,36.939999,36.939999,55551700
5/10/2021,36.779999,36.790001,34.299999,34.330002,34.330002,92293900
5/11/2021,32.450001,35.459999,32.200001,34.869999,34.869999,113418900
5/12/2021,34.380001,35.130001,33.48,33.68,33.68,75993700
5/13/2021,33.849998,34.27,30.709999,31.219999,31.219999,113686700
5/14/2021,31.940001,33.689999,31.559999,33.419998,33.419998,80214300
5/17/2021,33.330002,34.16,32.82,33.810001,33.810001,64020000
5/18/2021,34.009998,34.779999,33.259998,34.189999,34.189999,64929500
5/19/2021,32.98,33.459999,32.59,33.459999,33.459999,68799800
5/20/2021,33.98,34.509998,33.639999,34.330002,34.330002,48991700
5/21/2021,34.66,34.779999,33.869999,34.060001,34.060001,49568800
5/24/2021,34.259998,36.490002,33.560001,35.889999,35.889999,67244400
5/25/2021,36.32,37.639999,35.689999,36.07,36.07,76628000
5/26/2021,36.25,38.080002,36.07,37.759998,37.759998,55929000
5/27/2021,37.950001,38.98,37.18,38.91,38.91,53064400
5/28/2021,38.740002,39.759998,38.169998,38.619999,38.619999,58236000
6/1/2021,39.990002,42.439999,39.939999,42.34,42.34,101544100
6/2/2021,42.150002,42.880001,40.950001,41.16,41.16,66383500
6/3/2021,40.68,42.369999,40.310001,40.900002,40.900002,62437200
6/4/2021,41.43,42.330002,41.150002,41.939999,41.939999,40993600
6/7/2021,41.669998,43.900002,41.439999,43.68,43.68,53261300
6/8/2021,44.459999,44.889999,42.82,43.560001,43.560001,50332300
6/9/2021,43.529999,44.439999,42.73,42.740002,42.740002,36364000
6/10/2021,42.669998,43.43,42.16,42.759998,42.759998,34757300
6/11/2021,42.93,46.259998,42.759998,45.68,45.68,85733900
6/14/2021,45.950001,47.25,45.580002,46.549999,46.549999,65288400
6/15/2021,46.209999,46.380001,45.040001,45.150002,45.150002,44755600
6/16/2021,44.23,45.130001,43.77,45.02,45.02,47381500
6/17/2021,45.049999,47.759998,44.860001,47.360001,47.360001,64895500
6/18/2021,47.68,48.369999,46.59,46.91,46.91,90778400
6/21/2021,46.549999,46.990002,45.07,46.509998,46.509998,44475700
6/22/2021,45.860001,46.549999,43.810001,44.099998,44.099998,61387300
6/23/2021,44.970001,45.98,44.610001,45.41,45.41,39493500
6/24/2021,45.91,46.59,45.240002,45.459999,45.459999,37680700
6/25/2021,45.779999,45.939999,44.880001,45.07,45.07,32605400
6/28/2021,45.720001,49.650002,45.549999,49.400002,49.400002,90202800
6/29/2021,49.150002,50.610001,48.549999,50.34,50.34,64800100
6/30/2021,50.580002,53.84,50.549999,53.200001,53.200001,92031100
7/1/2021,54.77,55.130001,50.27,50.900002,50.900002,124253000
7/2/2021,51.259998,51.470001,48.529999,50.400002,50.400002,78631100
7/6/2021,49.400002,51.740002,49.18,50.290001,50.290001,67705500
7/7/2021,50.200001,50.549999,45.75,46.040001,46.040001,85812800
7/8/2021,43.860001,46.259998,42.73,45.599998,45.599998,93774800
7/9/2021,46.709999,47.009998,44.580002,45.529999,45.529999,64622800
7/12/2021,45.970001,46.82,44.599998,46.34,46.34,54668300
7/13/2021,46.200001,46.91,44.93,44.959999,44.959999,44689100
7/14/2021,44.84,45.169998,42.68,43.049999,43.049999,56805800
7/15/2021,43.259998,44.77,42.68,43.68,43.68,55860400
7/16/2021,43.849998,44.400002,42.400002,42.799999,42.799999,49929500
7/19/2021,41.490002,43.669998,40.48,43.349998,43.349998,65290100
7/20/2021,43.599998,44.41,42.43,44.169998,44.169998,37932300
7/21/2021,44.099998,47.380001,44,46.77,46.77,59851700
7/22/2021,46.959999,47.380001,45.470001,46.07,46.07,38936400
7/23/2021,43.669998,44.5,42.5,43.990002,43.990002,49559100
7/26/2021,42.669998,44.880001,41.93,43.169998,43.169998,54759200
7/27/2021,42.439999,43.299999,38.66,39.360001,39.360001,102714000
7/28/2021,40.91,42,39.790001,41.84,41.84,59207200
7/29/2021,42.25,43.299999,41.639999,42.619999,42.619999,46847600
7/30/2021,42.23,45.200001,41.529999,44.68,44.68,66262700
8/2/2021,44.650002,46.779999,44.299999,45.849998,45.849998,68453300
8/3/2021,45.23,45.799999,43.759998,44.57,44.57,46029300
8/4/2021,45.470001,45.799999,44.560001,45.09,45.09,35453600
8/5/2021,44.75,46.299999,44.02,45.599998,45.599998,33362600
8/6/2021,45.549999,45.799999,43.450001,43.84,43.84,38016400
8/9/2021,43.700001,45.48,43.700001,45.209999,45.209999,30548700
8/10/2021,45.470001,46.380001,44.099998,44.220001,44.220001,29572800
8/11/2021,44.709999,45.119999,43.150002,43.970001,43.970001,33805200
8/12/2021,44.349998,44.400002,41.549999,42.470001,42.470001,50685600
8/13/2021,41.900002,42.279999,40.610001,41.029999,41.029999,39161100
8/16/2021,39.459999,39.599998,38.07,38.619999,38.619999,66407900
8/17/2021,37.459999,39.02,36.830002,38.099998,38.099998,60838000
8/18/2021,38.490002,39.630001,37.950001,38.860001,38.860001,48277600
8/19/2021,37.889999,38.150002,36.240002,36.290001,36.290001,56718000
8/20/2021,36.630001,37.900002,36.599998,36.919998,36.919998,43491300
8/23/2021,37.439999,38.380001,37.040001,38.169998,38.169998,39610100
8/24/2021,39.240002,39.610001,38.630001,38.939999,38.939999,37927500
8/25/2021,38.66,39.139999,38.18,38.950001,38.950001,25641300
8/26/2021,38.630001,39.740002,37.82,38.259998,38.259998,34432000
8/27/2021,38.23,38.470001,37.830002,38.049999,38.049999,23496700
8/30/2021,38.169998,38.279999,36.639999,37.799999,37.799999,38128000
8/31/2021,38.240002,39.389999,37.900002,39.310001,39.310001,44942200
9/1/2021,37.490002,39.93,37.200001,39.080002,39.080002,56911500
9/2/2021,39.07,41.02,38.900002,40.349998,40.349998,43827700
9/3/2021,40.110001,40.970001,39.830002,40.369999,40.369999,30353900
9/7/2021,40.849998,41.860001,40.59,40.59,40.59,35292600
9/8/2021,39.169998,39.43,37.810001,38.139999,38.139999,51800000
9/9/2021,37.98,38.849998,37.549999,38.450001,38.450001,33812000
9/10/2021,38.619999,39.52,37.900002,37.98,37.98,29273600
9/13/2021,38.009998,38.389999,36.560001,38.389999,38.389999,38410000
9/14/2021,38.490002,39.400002,37.689999,37.889999,37.889999,30857200
9/15/2021,38,38.150002,36.950001,38.029999,38.029999,27049400
9/16/2021,37.540001,37.669998,36.740002,37.09,37.09,33023100
9/17/2021,37.299999,37.57,36.970001,37.509998,37.509998,29557200
9/20/2021,36.110001,36.32,34.540001,35.169998,35.169998,57611700
9/21/2021,35.52,35.82,34.880001,34.900002,34.900002,31706600
9/22/2021,35.209999,35.830002,35.119999,35.700001,35.700001,26608000
9/23/2021,36.200001,36.5,35.57,36.009998,36.009998,27152700
9/24/2021,35.59,36.07,35.200001,35.380001,35.380001,23755100
9/27/2021,35.43,36.860001,34.419998,36.77,36.77,36093000
9/28/2021,36.279999,37.029999,34.93,35.049999,35.049999,37507900
9/29/2021,35.439999,36.360001,35.02,35.130001,35.130001,33553400
9/30/2021,35.630001,35.98,35.290001,35.630001,35.630001,25768500
10/1/2021,36.630001,36.669998,35.259998,35.380001,35.380001,34919900
10/4/2021,35.02,35.02,33.279999,33.400002,33.400002,40823100
10/5/2021,33.299999,34.310001,33.27,33.869999,33.869999,26441300
10/6/2021,33.41,34.16,33.169998,33.66,33.66,22885100
10/7/2021,35.439999,36.639999,34.91,35.990002,35.990002,67945200
10/8/2021,36.439999,36.549999,35.830002,35.830002,35.830002,31959800
10/11/2021,36.09,36.52,35.529999,35.639999,35.639999,25400100
10/12/2021,35.700001,36.049999,35.18,35.509998,35.509998,26592000
10/13/2021,35.779999,36.68,35.470001,36.240002,36.240002,33439600
10/14/2021,36.209999,36.450001,35.599998,36.279999,36.279999,29898400
10/15/2021,36.990002,38.290001,36.939999,37.709999,37.709999,48169000
10/18/2021,37.490002,39.84,37.27,39.610001,39.610001,43499400
10/19/2021,40.27,40.900002,39.560001,40.029999,40.029999,37820000
10/20/2021,39.970001,40.34,39.16,39.779999,39.779999,25120700
10/21/2021,39.509998,40.599998,39.369999,39.970001,39.970001,25389100
10/22/2021,39.959999,40.389999,38.540001,38.880001,38.880001,28015500
10/25/2021,39.400002,41.419998,39.240002,41.27,41.27,46935600
10/26/2021,41.290001,42.610001,40.470001,40.470001,40.470001,55875400
10/27/2021,40.900002,41.279999,39.259998,39.310001,39.310001,28750900
10/28/2021,39.529999,40.799999,39.189999,40.790001,40.790001,32774200
10/29/2021,40.25,40.549999,39.209999,39.41,39.41,33423100
11/1/2021,38.110001,40.84,38.110001,40.84,40.84,53062500
11/2/2021,40.470001,42.490002,40.200001,41.299999,41.299999,46243600
11/3/2021,41.98,42.41,40.630001,41.5,41.5,34202100
11/4/2021,42.759998,44,42.5,43.119999,43.119999,53634400
11/5/2021,43.52,43.52,41.82,42.290001,42.290001,33048700
11/8/2021,42.650002,44.27,42.279999,43.200001,43.200001,38487900
11/9/2021,43.490002,43.799999,40.599998,40.639999,40.639999,49158000
11/10/2021,40.889999,42.09,38.830002,39.549999,39.549999,48507300
11/11/2021,40.889999,42.220001,40.349998,42.200001,42.200001,39934000
11/12/2021,42.689999,43.549999,41.91,42.669998,42.669998,34743100
11/15/2021,42.599998,42.689999,40.02,40.57,40.57,47571700
11/16/2021,40.889999,41.299999,40.02,40.669998,40.669998,37099000
11/17/2021,40.57,40.919998,39.07,39.669998,39.669998,35829900
11/18/2021,39,39.439999,37.450001,38.41,38.41,42260200
11/19/2021,38.59,39.099998,38,38.66,38.66,30069100
11/22/2021,40.419998,42.84,40.25,41.490002,41.490002,70987500
11/23/2021,41.5,43.119999,40.470001,42.040001,42.040001,55094300
11/24/2021,41.700001,42.509998,40.889999,41.419998,41.419998,33467200
11/26/2021,39.400002,40.34,39.099998,39.990002,39.990002,30468500
11/29/2021,40.849998,41.200001,39.490002,40.459999,40.459999,35113900
11/30/2021,40.369999,41.419998,38.349998,39.130001,39.130001,47970900
12/1/2021,40.41,40.830002,38.200001,38.310001,38.310001,48006000
12/2/2021,38.830002,39.68,34.02,36.200001,36.200001,85263200
12/3/2021,34.580002,35.220001,31.5,32.150002,32.150002,106366600
12/6/2021,32.349998,33.32,29.66,32.34,32.34,70041700
12/7/2021,34.439999,34.52,32.68,33.119999,33.119999,51769700
12/8/2021,33.82,35.299999,33.049999,35.049999,35.049999,48881000
12/9/2021,34.880001,35.549999,33.900002,34.049999,34.049999,36271400
12/10/2021,33.900002,34.549999,33.25,34.259998,34.259998,32196300
12/13/2021,33.68,34.669998,32.900002,33.66,33.66,31857900
12/14/2021,32.23,32.380001,31.200001,32.299999,32.299999,45998500
12/15/2021,31.5,31.84,29.059999,30.790001,30.790001,80802100
12/16/2021,31.049999,31.639999,29.75,30.07,30.07,42744100
12/17/2021,29.530001,30.51,28.02,30,30,54537300
12/20/2021,29.450001,29.459999,27.790001,28.16,28.16,56945600
12/21/2021,28.73,30.25,28.67,30.16,30.16,73653200
12/22/2021,29.559999,30.379999,29.33,29.85,29.85,38368900
12/23/2021,29.610001,30.799999,28.969999,30.52,30.52,38379700
12/27/2021,30.389999,31.32,29.809999,29.959999,29.959999,36081100
12/28/2021,29.879999,30.190001,29.469999,29.629999,29.629999,28807200
12/29/2021,29.559999,29.620001,27.52,28.25,28.25,51169700
12/30/2021,27.889999,33.040001,27.799999,32.419998,32.419998,137245800
12/31/2021,32.040001,32.98,31.66,31.68,31.68,67569200
1/3/2022,33.52,33.799999,31.879999,33.470001,33.470001,64286500
1/4/2022,33.349998,33.389999,31.110001,31.58,31.58,47866800
1/5/2022,30.969999,31.940001,29.780001,29.879999,29.879999,42442700
1/6/2022,30.01,30.540001,28.280001,29.309999,29.309999,48723200
1/7/2022,29.450001,30.42,28.780001,29.299999,29.299999,40781500
1/10/2022,29,29.16,27.780001,28.91,28.91,44833600
1/11/2022,28.85,30.440001,28.469999,30.02,30.02,41475700
1/12/2022,31.200001,31.860001,30.34,31.68,31.68,54271700
1/13/2022,31.68,31.85,30.48,30.48,30.48,35401300
1/14/2022,30.280001,31.32,30.08,30.950001,30.950001,34862600
1/18/2022,30.030001,30.91,29.6,29.610001,29.610001,33258200
1/19/2022,29.719999,30.15,28.610001,28.629999,28.629999,34011800
1/20/2022,29.459999,30.879999,29.049999,29.129999,29.129999,45217100
1/21/2022,28.98,28.99,27.219999,27.35,27.35,60210500
1/24/2022,25.73,25.98,23.1,24.870001,24.870001,94119800
1/25/2022,24.16,25.01,23.379999,23.790001,23.790001,53047000
1/26/2022,24.6,24.780001,22.530001,22.66,22.66,72125700
1/27/2022,22.799999,22.809999,20.959999,21.110001,21.110001,78287900
1/28/2022,20.66,21.32,19.309999,20.9,20.9,96701100
1/31/2022,21.73,24.639999,21.6,24.51,24.51,96028800
2/1/2022,24.889999,25.23,23.559999,24.84,24.84,81994300
2/2/2022,24.889999,24.889999,23.01,23.76,23.76,60475400
2/3/2022,22.959999,24.620001,22.950001,23.129999,23.129999,55361300
2/4/2022,23.459999,24.32,22.73,23.959999,23.959999,45771700
2/7/2022,23.780001,24.780001,23.530001,23.99,23.99,39661800
2/8/2022,23.99,24.860001,23.540001,24.690001,24.690001,42607200
2/9/2022,25.450001,26.24,25.049999,26.1,26.1,56547700
2/10/2022,25.049999,26.41,25.02,25.35,25.35,54337700
2/11/2022,24.99,25.68,23.700001,24.1,24.1,47870100
2/14/2022,23.76,24.540001,23.34,23.790001,23.790001,41441600
2/15/2022,24.309999,25.84,24.200001,25.790001,25.790001,47215200
2/16/2022,25.4,25.84,25.049999,25.610001,25.610001,32627200
2/17/2022,25.24,26.27,24.65,24.719999,24.719999,34541600
2/18/2022,24.780001,24.790001,22.74,23.209999,23.209999,52112700
2/22/2022,22.360001,22.959999,21.32,21.77,21.77,56038200
2/23/2022,22.02,22.5,20.450001,20.459999,20.459999,49465100
2/24/2022,18.5,21.309999,18.469999,21.219999,21.219999,77198400
2/25/2022,21.33,21.57,20.190001,20.940001,20.940001,56994000
2/28/2022,21.43,23.15,20.940001,22.84,22.84,83996600
3/1/2022,22.559999,23.35,21.73,21.870001,21.870001,50402000
3/2/2022,21.9,22.209999,20.629999,21.77,21.77,47212000
3/3/2022,21.73,21.809999,19.719999,19.879999,19.879999,69419400
3/4/2022,20.09,20.290001,18.549999,18.629999,18.629999,68403300
3/7/2022,18.85,20.030001,18.040001,18.120001,18.120001,79649600
3/8/2022,18.23,18.75,17.58,17.98,17.98,74932400
3/9/2022,18.559999,20.549999,18.51,20.17,20.17,84306700
3/10/2022,19,19.1,17.219999,17.77,17.77,105883600
3/11/2022,18.110001,18.129999,16.07,16.07,16.07,93265200
3/14/2022,15.09,15.74,13.82,14.1,14.1,115290300
3/15/2022,13.48,15.35,13.01,14.93,14.93,139771600
3/16/2022,17.639999,18.77,16.780001,18.75,18.75,168011700
3/17/2022,17.93,18.83,17.440001,18.82,18.82,93328900
3/18/2022,18.83,21.24,18.549999,20.860001,20.860001,128531700
3/21/2022,20.75,21.200001,19.33,20.26,20.26,89586400
3/22/2022,20.84,22.09,20.59,21.77,21.77,79808500
3/23/2022,21.6,22.6,20.889999,21.870001,21.870001,88922000
3/24/2022,22,22.120001,20.66,21.98,21.98,97155000
3/25/2022,20.309999,20.75,19.35,19.91,19.91,106936200
3/28/2022,20.42,21.23,20.32,21.209999,21.209999,75247200
3/29/2022,21.58,21.959999,21.02,21.879999,21.879999,65946100
3/30/2022,21.83,23.860001,21.629999,22.17,22.17,114646500
3/31/2022,22.280001,22.280001,20.76,21.049999,21.049999,77641400
4/1/2022,22.41,23.219999,21.559999,21.93,21.93,110169300
4/4/2022,23.309999,23.940001,22.780001,23.85,23.85,101280500
4/5/2022,23.969999,23.98,22.440001,22.469999,22.469999,69772000
4/6/2022,22.040001,22.08,20.93,21.68,21.68,73501100
4/7/2022,21.49,21.68,19.73,20.360001,20.360001,82617000
4/8/2022,20.110001,20.709999,19.83,20,20,59574300
4/11/2022,18.049999,20.07,17.77,19.700001,19.700001,93693800
4/12/2022,20.030001,20.27,19.219999,19.459999,19.459999,51210800
4/13/2022,19.549999,20.559999,19.030001,20.42,20.42,57163200
4/14/2022,20.09,20.4,19.530001,19.65,19.65,43937500
4/18/2022,19.51,19.639999,18.51,19.17,19.17,40647500
4/19/2022,19.049999,19.889999,18.360001,19.870001,19.870001,43395000
4/20/2022,19.379999,19.450001,18.07,18.15,18.15,53336400
4/21/2022,18.34,18.700001,16.98,17.15,17.15,61501400
4/22/2022,17.35,18.290001,17.120001,17.18,17.18,60727300
4/25/2022,16.809999,17.42,16.18,17.309999,17.309999,54990900
4/26/2022,17.24,17.41,16.16,16.360001,16.360001,52771600
4/27/2022,16.52,17.690001,16.52,16.76,16.76,56633000
4/28/2022,16.9,17.24,15.91,16.93,16.93,53118500
4/29/2022,17.780001,18.190001,16.66,16.700001,16.700001,62933900
5/2/2022,16.530001,17.5,16.4,17.5,17.5,56156200
5/3/2022,17.290001,17.84,16.950001,17.530001,17.530001,44062200
5/4/2022,17.18,18.219999,16.719999,18.129999,18.129999,53869900
5/5/2022,17.41,17.52,14.87,15.38,15.38,95761700
5/6/2022,15.61,15.81,14.46,14.92,14.92,57655100
5/9/2022,14.33,14.53,13.48,13.55,13.55,63121000
5/10/2022,14.26,14.68,12.86,13.44,13.44,77181800
5/11/2022,13.79,14.36,12.64,12.71,12.71,86081300
5/12/2022,12.48,13.75,11.67,13.1,13.1,83180600
5/13/2022,13.7,14.41,13.54,14.31,14.31,63558000
5/16/2022,14.81,15.43,14.28,14.55,14.55,82270000
5/17/2022,15.31,16.690001,15.26,16.629999,16.629999,93233100
5/18/2022,16.290001,16.93,15.66,15.83,15.83,72865500
5/19/2022,16.110001,16.889999,15.79,16.66,16.66,61191000
5/20/2022,17.5,17.6,15.68,16.440001,16.440001,86108900
5/23/2022,15.8,16.01,15.24,16,16,65594700
5/24/2022,15.53,15.53,14.4,14.63,14.63,48413500
5/25/2022,14.79,15,14.09,14.64,14.64,44911100
5/26/2022,14.52,16.129999,14.33,16.030001,16.030001,64243800
5/27/2022,16.16,16.690001,15.67,16.57,16.57,51414800
5/31/2022,17.77,17.92,16.76,17.389999,17.389999,96583300
6/1/2022,17.59,18.93,17.48,17.57,17.57,92493700
6/2/2022,17.540001,18.85,16.99,18.85,18.85,77825000
6/3/2022,18.42,18.74,17.809999,18.08,18.08,57620700
6/6/2022,18.99,19.799999,18.799999,19.18,19.18,68726800
6/7/2022,18.98,19.68,18.6,19.65,19.65,49357200
6/8/2022,20.32,20.450001,19.860001,20.379999,20.379999,65311600
6/9/2022,18.719999,19.68,18.450001,18.82,18.82,73635000
6/10/2022,18.860001,19.18,17.809999,18.139999,18.139999,61204800
6/13/2022,17.32,17.49,15.84,15.99,15.99,60529400
6/14/2022,16.530001,19.09,16.49,18.66,18.66,105582700
6/15/2022,18.959999,20.26,18.18,20.110001,20.110001,121426000
6/16/2022,19.18,19.93,18.469999,19.18,19.18,77244500
6/17/2022,19.77,20.889999,19.73,20.77,20.77,82067300
6/21/2022,21.84,23.1,21.58,22.66,22.66,90287700
6/22/2022,22.34,23.129999,21.93,22.549999,22.549999,81297100
6/23/2022,23.110001,23.209999,22.23,23.049999,23.049999,77502800
6/24/2022,23.219999,24.17,23.16,24.08,24.08,67062600
6/27/2022,24.129999,24.43,22.85,22.950001,22.950001,61701600
6/28/2022,22.360001,23.450001,22.02,22.360001,22.360001,76228500
6/29/2022,20.76,22.280001,20.6,21.860001,21.860001,71582000
6/30/2022,21.860001,22.120001,20.9,21.719999,21.719999,53074100
7/1/2022,22.32,22.5,20.950001,21.360001,21.360001,56855500
7/5/2022,21.040001,22.200001,20.35,22.18,22.18,50537400
7/6/2022,21.809999,21.84,20.26,20.83,20.83,58981700
7/7/2022,21.4,23.1,21.360001,22.5,22.5,72102000
7/8/2022,22.16,23.280001,21.66,22.6,22.6,48917200
7/11/2022,21.6,21.74,20.5,20.57,20.57,54656800
7/12/2022,20.41,21.190001,20.040001,20.870001,20.870001,49780800
7/13/2022,20.23,21.799999,20.23,21.09,21.09,50089200
7/14/2022,21.059999,21.450001,20.66,21.049999,21.049999,39870500
7/15/2022,20.84,20.9,19.93,20.719999,20.719999,41337800
7/18/2022,20.959999,21.82,20.6,20.84,20.84,40382300
7/19/2022,21.1,21.1,19.52,20.200001,20.200001,63211700
7/20/2022,20.01,20.950001,20.01,20.370001,20.370001,40381200
7/21/2022,20.16,21.17,20.16,20.68,20.68,39842100
7/22/2022,20.719999,20.780001,19,19.24,19.24,55606900
7/25/2022,18.98,19.5,18.77,19.33,19.33,30357200
7/26/2022,19.35,19.74,18.91,19.040001,19.040001,27669900
7/27/2022,19.139999,19.5,18.75,19.379999,19.379999,32854100
7/28/2022,19.18,19.549999,18.59,19.49,19.49,31078800
7/29/2022,18.809999,19.84,18.66,19.73,19.73,36943000
8/1/2022,20.190001,20.76,19.870001,20.18,20.18,54375800
8/2/2022,19.68,20.950001,19.610001,20.18,20.18,51262000
8/3/2022,20.309999,20.370001,19.43,20.299999,20.299999,44049900
8/4/2022,20.389999,21.469999,20.33,20.9,20.9,37737400
8/5/2022,20.530001,20.68,19.879999,20.219999,20.219999,34056400
8/8/2022,20.25,20.790001,20.15,20.17,20.17,29584800
8/9/2022,20.23,20.24,19.01,19.17,19.17,38118400
8/10/2022,19.58,20.07,19.07,20.049999,20.049999,35345700
8/11/2022,20.4,21.969999,20.08,20.82,20.82,56333100
8/12/2022,20.26,21.17,19.790001,21.110001,21.110001,34953500
8/15/2022,20.51,21.549999,20.469999,21.299999,21.299999,36347500
8/16/2022,21.15,21.15,20.41,20.91,20.91,32103200
8/17/2022,20.68,21.02,20.059999,20.08,20.08,26455900
8/18/2022,20.02,20.18,19.51,19.91,19.91,21640100
8/19/2022,19.620001,19.709999,18.92,19.049999,19.049999,24262600
8/22/2022,18.879999,19.26,18.66,18.950001,18.950001,27327900
8/23/2022,18.690001,18.799999,17.73,18.290001,18.290001,34210200
8/24/2022,18.01,19.23,18,18.870001,18.870001,29271000
8/25/2022,19.43,20.370001,18.76,20.08,20.08,42455900
8/26/2022,20.77,21.26,19.809999,19.92,19.92,61525400
8/29/2022,19.66,20.67,19.639999,19.809999,19.809999,33245000
8/30/2022,19.85,20.219999,19.299999,19.83,19.83,29823800
8/31/2022,20.110001,20.379999,19.280001,19.91,19.91,39383500
9/1/2022,19.280001,19.35,18.09,18.790001,18.790001,47665700
9/2/2022,18.43,18.65,17.709999,17.73,17.73,44132000
9/6/2022,17.6,17.809999,17.09,17.110001,17.110001,32485200
9/7/2022,16.540001,18.370001,16.540001,17.48,17.48,58645900
9/8/2022,17.370001,17.700001,16.99,17.68,17.68,30487800
9/9/2022,18.4,19.59,18.290001,19.16,19.16,54913900
9/12/2022,20.1,21.879999,20.01,21.75,21.75,86994000
9/13/2022,20.950001,22.299999,20.85,21.969999,21.969999,77974400
9/14/2022,21.469999,22.09,21.030001,21.940001,21.940001,47206700
9/15/2022,21.51,22.74,21.25,21.51,21.51,43787900
9/16/2022,21.1,21.35,19.959999,20.15,20.15,65778700
9/19/2022,19.75,20.959999,19.75,20.9,20.9,36244000
9/20/2022,20.700001,20.950001,20.209999,20.41,20.41,29290000
9/21/2022,20.120001,20.16,18.25,18.299999,18.299999,64553200
9/22/2022,18.51,19.18,18.09,18.35,18.35,36823100
9/23/2022,18,18.209999,17.42,17.639999,17.639999,39484400
9/26/2022,17.77,18.4,17.530001,17.620001,17.620001,42024500
9/27/2022,18.18,18.23,16.98,17.190001,17.190001,40675200
9/28/2022,16.799999,17.459999,16.66,17.33,17.33,37295600
9/29/2022,16.83,16.940001,15.37,15.58,15.58,51517700
9/30/2022,15.21,16.15,15.2,15.77,15.77,39341300
10/3/2022,15.85,15.94,15.28,15.49,15.49,38423000
10/4/2022,16.17,16.879999,15.95,16.73,16.73,45093600
10/5/2022,16.5,16.68,15.64,16.040001,16.040001,39737500
10/6/2022,16,16.24,14.76,14.77,14.77,67739000
10/7/2022,14.29,14.53,13.54,13.76,13.76,53268900
10/10/2022,13.66,13.73,13.02,13.28,13.28,48731700
10/11/2022,13.13,13.42,12.58,12.83,12.83,51761500
10/12/2022,12.93,13.46,12.48,12.88,12.88,50001300
10/13/2022,12.35,12.85,11.95,12.78,12.78,53451100
10/14/2022,12.99,13.18,11.73,11.75,11.75,59846600
10/17/2022,12.19,12.64,12.12,12.21,12.21,51097200
10/18/2022,13.08,13.22,12.09,12.21,12.21,58185400
10/19/2022,11.8,11.9,10.71,10.92,10.92,99014200
10/20/2022,11.03,11.43,10.88,10.97,10.97,47109300
10/21/2022,10.67,11.21,10.41,11.21,11.21,42496300
10/24/2022,10.01,10.03,8.38,9.45,9.45,166523700
10/25/2022,9.81,10.63,9.53,10.63,10.63,98189000
10/26/2022,10.44,11.09,10.23,10.81,10.81,79102800
10/27/2022,10.53,10.73,9.97,9.98,9.98,64014700
10/28/2022,9.5,9.98,9.28,9.69,9.69,74420600
10/31/2022,9.51,10.05,9.38,9.67,9.67,46879600
11/1/2022,10.33,10.45,9.69,9.71,9.71,56233200
11/2/2022,9.6,10.13,9.48,9.49,9.49,76033400
11/3/2022,9.19,10.17,9.03,9.94,9.94,64660300
11/4/2022,11,11.69,10.6,11.68,11.68,125406400
11/7/2022,12.23,12.38,10.7,10.98,10.98,84143600
11/8/2022,10.68,10.87,10.08,10.56,10.56,61734900
11/9/2022,10,10.18,9.14,9.25,9.25,81211800
11/10/2022,10.3,10.83,10.05,10.34,10.34,84026800
11/11/2022,10.79,11.69,10.54,11.56,11.56,100635600
11/14/2022,11.86,12.12,11.17,11.17,11.17,62563000
11/15/2022,11.91,11.95,11.36,11.51,11.51,63244200
11/16/2022,11.17,11.29,10.45,10.53,10.53,49624900
11/17/2022,10.25,10.72,9.93,10.67,10.67,62563500
11/18/2022,10.65,10.81,10.26,10.47,10.47,49320200
11/21/2022,10.22,10.25,9.67,10.02,10.02,53072100
11/22/2022,9.87,10.1,9.75,10.01,10.01,36096300
11/23/2022,10.31,10.74,10.24,10.56,10.56,49399100
11/25/2022,10.26,10.3,9.96,10.17,10.17,23487600
11/28/2022,10.05,10.63,9.99,10.12,10.12,39047000
11/29/2022,10.65,10.9,10.39,10.5,10.5,48292300
11/30/2022,11.34,13.27,11.34,12.78,12.78,173185000
12/1/2022,12.35,12.55,11.95,12.09,12.09,59583400
12/2/2022,12.06,13.32,11.97,13.13,13.13,106291200
12/5/2022,13.99,14.03,12.59,12.8,12.8,94815800
12/6/2022,13,13.28,12.43,13.24,13.24,62747600
12/7/2022,12.42,12.72,12.15,12.58,12.58,52840500
12/8/2022,13,13.55,12.88,13.41,13.41,52377700
12/9/2022,13.17,13.32,12.62,12.63,12.63,44101100
12/12/2022,12.3,12.58,12.16,12.49,12.49,35211100
12/13/2022,13.11,13.24,12.03,12.31,12.31,52084300
12/14/2022,12.45,12.53,11.97,12.1,12.1,33251900
12/15/2022,12.33,12.63,11.68,11.88,11.88,41620900
12/16/2022,12.13,12.38,11.6,11.6,11.6,46476300
12/19/2022,11.66,11.66,10.83,11.06,11.06,40564600
12/20/2022,10.67,11.59,10.58,11.09,11.09,44765300
12/21/2022,11.07,11.71,10.86,11.61,11.61,34244000
12/22/2022,11.45,11.58,10.76,11.29,11.29,32468900
12/23/2022,11.22,11.22,10.69,10.97,10.97,33666100
12/27/2022,10.53,10.61,9.97,10.06,10.06,54165700
12/28/2022,10.01,10.25,9.61,9.8,9.8,42225300
12/29/2022,9.92,10.27,9.77,9.99,9.99,49380200
12/30/2022,9.83,9.98,9.52,9.75,9.75,40863800
1/3/2023,10.21,10.51,9.5,9.63,9.63,54095600
1/4/2023,9.97,10.9,9.85,10.63,10.63,63723800
1/5/2023,10.39,10.97,10.24,10.86,10.86,37262700
1/6/2023,10.06,10.39,9.5,10.37,10.37,70946700
1/9/2023,10.63,11.12,10.63,10.76,10.76,42870100
1/10/2023,11.1,11.38,10.68,11.24,11.24,44315500
1/11/2023,11.35,11.72,10.99,11.51,11.51,42554500
1/12/2023,11.49,11.81,11.13,11.81,11.81,40125300
1/13/2023,11.44,11.81,11.23,11.8,11.8,41631500
1/17/2023,11.32,11.51,11.09,11.41,11.41,48895600
1/18/2023,11.49,11.69,10.98,11.01,11.01,43306200
1/19/2023,10.88,11.18,10.62,10.77,10.77,33638100
1/20/2023,10.95,11.34,10.83,11.07,11.07,39012500
1/23/2023,11.28,12.35,11.15,12.06,12.06,64034100
1/24/2023,13.21,13.21,11.06,11.68,11.68,37478600
1/25/2023,11.46,11.77,11.28,11.63,11.63,26348900
1/26/2023,12.43,12.47,11.8,12.17,12.17,51635100
1/27/2023,12.15,13.22,11.98,12.71,12.71,69734400
1/30/2023,12.43,12.44,11.85,12.02,12.02,54970000
1/31/2023,11.91,12.36,11.76,12.07,12.07,45863100
2/1/2023,12.24,12.32,11.59,12.1,12.1,65907200
2/2/2023,12.12,12.37,11.81,11.96,11.96,68872800
2/3/2023,11.65,11.9,11.16,11.19,11.19,55798800
2/6/2023,10.95,11.03,10.67,10.93,10.93,45482600
2/7/2023,11,11.02,10.56,10.92,10.92,35350700
2/8/2023,10.75,10.91,10.58,10.65,10.65,28370200
2/9/2023,10.97,11.02,10.37,10.47,10.47,40466300
2/10/2023,10.25,10.39,10.02,10.31,10.31,38377100
2/13/2023,10.47,10.54,10.28,10.31,10.31,30815800
2/14/2023,10.19,10.35,9.91,10.31,10.31,38028600
2/15/2023,10.09,10.5,10.09,10.5,10.5,35660100
2/16/2023,10.46,10.6,10.19,10.19,10.19,38647000
2/17/2023,10.1,10.24,9.93,10.19,10.19,37467000
2/21/2023,10.05,10.31,9.96,10.03,10.03,35046700
2/22/2023,10.01,10.21,9.9,10.18,10.18,34099400
2/23/2023,10.39,10.4,9.58,9.79,9.79,50261600
2/24/2023,9.51,9.52,9.13,9.3,9.3,56808900
2/27/2023,9.53,9.59,9.24,9.33,9.33,42356400
2/28/2023,9.2,9.44,9.12,9.39,9.39,53310800
3/1/2023,9.34,9.45,8.77,8.83,8.83,82172500
3/2/2023,8.5,9.12,8.31,9.09,9.09,73183200
3/3/2023,8.97,9.7,8.92,9.57,9.57,60775100
3/6/2023,9.5,9.64,9.3,9.31,9.31,35308800
3/7/2023,9.19,9.26,8.87,8.97,8.97,45081500
3/8/2023,8.87,9.18,8.67,9.18,9.18,39709100
3/9/2023,9.01,9.17,8.72,8.79,8.79,48894300
3/10/2023,8.78,8.81,8.33,8.51,8.51,46631300
3/13/2023,8.35,8.69,8.03,8.55,8.55,43877100
3/14/2023,8.51,8.56,8.35,8.42,8.42,36783100
3/15/2023,8.21,8.32,8.07,8.25,8.25,40281700
3/16/2023,8.13,8.54,8.1,8.5,8.5,27563000
3/17/2023,8.54,8.74,8.18,8.26,8.26,38374700
3/20/2023,8.1,9.06,8.07,8.75,8.75,56190600
3/21/2023,8.96,9.37,8.91,9.27,9.27,52342800
3/22/2023,9.5,9.53,9.06,9.09,9.09,36811700
3/23/2023,9.35,9.46,9.13,9.27,9.27,30132800
3/24/2023,9.22,9.23,8.83,9.07,9.07,28665700
3/27/2023,9.03,9.13,8.84,8.93,8.93,20452500
3/28/2023,9.15,9.27,9.03,9.2,9.2,31341500
3/29/2023,9.3,9.95,9.26,9.83,9.83,56384500
3/30/2023,10,10.75,9.94,10.46,10.46,66081900
3/31/2023,10.31,10.6,10.2,10.51,10.51,35906300
4/3/2023,10.41,10.51,9.67,9.8,9.8,56526200
4/4/2023,9.62,9.79,9.12,9.21,9.21,53384400
4/5/2023,9.19,9.19,8.75,8.96,8.96,33805900
4/6/2023,8.94,9.07,8.83,9.01,9.01,23019800
4/10/2023,8.86,9.08,8.78,9.05,9.05,26228700
4/11/2023,9.19,9.79,9.18,9.52,9.52,44751300
4/12/2023,9.56,9.56,8.96,9.01,9.01,48106800
4/13/2023,9.21,9.28,9.02,9.1,9.1,25070000
4/14/2023,9.07,9.45,9,9.27,9.27,30953500
4/17/2023,9.54,10.03,9.51,9.83,9.83,48549500
4/18/2023,9.78,9.81,9.45,9.47,9.47,26812000
4/19/2023,9.16,9.2,8.77,8.79,8.79,60655900
4/20/2023,8.54,8.58,8.16,8.28,8.28,59580500
4/21/2023,8.3,8.38,8.05,8.33,8.33,34188200
4/24/2023,8.38,8.4,8.16,8.29,8.29,29843600
4/25/2023,8.16,8.16,7.6,7.9,7.9,88508400
4/26/2023,8.09,8.2,7.65,7.68,7.68,56070100
4/27/2023,7.7,7.97,7.61,7.97,7.97,36937500
4/28/2023,7.88,8.01,7.66,7.87,7.87,39093700
5/1/2023,7.83,7.86,7.55,7.81,7.81,39623700
5/2/2023,7.65,7.75,7.33,7.45,7.45,53990100
5/3/2023,7.43,7.77,7.4,7.64,7.64,39778500
5/4/2023,7.75,8.12,7.75,8.06,8.06,50555800
5/5/2023,8.14,8.37,8.1,8.15,8.15,34595100
5/8/2023,8.27,8.54,8.03,8.27,8.27,30996500
5/9/2023,7.93,8.22,7.85,8.16,8.16,24846300
5/10/2023,8.2,8.52,8.04,8.13,8.13,47366600
5/11/2023,8.15,8.45,8.09,8.45,8.45,48355800
5/12/2023,8.27,8.34,7.94,7.95,7.95,42060700
5/15/2023,8.06,8.28,7.9,8.25,8.25,35602400
5/16/2023,8.1,8.11,7.82,7.91,7.91,33815300
5/17/2023,7.82,8.05,7.79,8.03,8.03,33411500
5/18/2023,7.94,8.03,7.73,7.82,7.82,46481500
5/19/2023,7.9,8.14,7.85,8.07,8.07,41334500
5/22/2023,8.25,8.85,8.24,8.79,8.79,73546900
5/23/2023,8.64,8.85,8.59,8.75,8.75,38540000
5/24/2023,8.14,8.21,7.72,7.92,7.92,84695800
5/25/2023,7.86,7.86,7.51,7.54,7.54,48702800
5/26/2023,7.74,7.84,7.54,7.7,7.7,42967900
5/30/2023,7.8,7.92,7.35,7.41,7.41,63374800
5/31/2023,7.44,7.54,7.15,7.53,7.53,89228300
6/1/2023,7.24,7.64,7,7.54,7.54,74201600
6/2/2023,7.84,7.99,7.56,7.56,7.56,62262000
6/5/2023,7.66,7.9,7.6,7.67,7.67,36819200
6/6/2023,7.66,7.88,7.3,7.88,7.88,79001900
6/7/2023,7.8,7.97,7.58,7.76,7.76,47289100
6/8/2023,7.8,7.89,7.6,7.79,7.79,64405800
6/9/2023,7.84,8.75,7.69,7.73,7.73,140075100
6/12/2023,8.09,8.6,8.07,8.4,8.4,100608600
6/13/2023,8.73,9.07,8.6,8.89,8.89,81692800
6/14/2023,9.07,9.19,8.8,9.05,9.05,60867200
